,ISO3,year,sink_1,source_1,imports,exports,source_+_imports,sink_+_exports,ISO3_y,delta
0,AUS,2008,7492279.999999998,129895466.29635575,9392942.29965856,212984492.95890543,139288408.59601432,220476772.95890543,AUS_2008,-81188364.36289111
1,AUS,2009,5036239.999999999,137481437.37051964,6920180.256414226,226958402.6211213,144401617.62693387,231994642.6211213,AUS_2009,-87593024.99418741
2,AUS,2010,7131440.000000001,161170848.73146552,8037230.973412362,262855677.26117408,169208079.70487788,269987117.2611741,AUS_2010,-100779037.5562962
3,AUS,2011,6341860.0,152109045.86124808,8089176.372313285,270457723.77738667,160198222.23356137,276799583.77738667,AUS_2011,-116601361.5438253
4,AUS,2012,4746695.0,184601748.90790224,6092889.751441112,309249139.09930235,190694638.65934336,313995834.09930235,AUS_2012,-123301195.43995899
5,AUS,2013,4589021.5,225560945.84351245,5614557.759503321,377766138.4465471,231175503.60301578,382355159.9465471,AUS_2013,-151179656.3435313
6,AUS,2014,4444685.499999999,254374888.52996427,5360107.062557767,457253284.71891135,259734995.59252203,461697970.21891135,AUS_2014,-201962974.62638932
7,AUS,2015,4787095.499999999,277895766.9681902,5316145.299706626,450175173.89425117,283211912.26789683,454962269.39425117,AUS_2015,-171750357.12635434
8,AUS,2016,5101229.999999999,296436921.25651336,5450135.686412439,449350430.67495644,301887056.9429258,454451660.67495644,AUS_2016,-152564603.73203063
9,AUT,2008,6988501.273715919,2725511.212301747,7625443.056325101,2833348.8028290654,10350954.268626848,9821850.076544985,AUT_2008,529104.1920818631
10,AUT,2009,5113236.794031004,2102174.331286259,6013390.999422137,2061744.5825462854,8115565.330708396,7174981.37657729,AUT_2009,940583.9541311059
11,AUT,2010,6415500.1693875,2485849.9968328937,6525157.536366911,2249453.480654232,9011007.533199804,8664953.650041733,AUT_2010,346053.88315807097
12,AUT,2011,6732440.627023286,2656055.574742308,7398106.345268823,2474374.9311927836,10054161.920011131,9206815.558216069,AUT_2011,847346.3617950622
13,AUT,2012,6571686.338350376,2602226.214970882,7322811.995371312,2367534.4113066783,9925038.210342195,8939220.749657054,AUT_2012,985817.4606851414
14,AUT,2013,6890792.345573541,2621598.472741546,7288201.696127749,2297104.551756584,9909800.168869294,9187896.897330124,AUT_2013,721903.2715391703
15,AUT,2014,6868480.786290756,2666576.079480512,7431996.275081651,2269768.97064594,10098572.354562163,9138249.756936695,AUT_2014,960322.5976254679
16,AUT,2015,6693724.045575136,2607582.3330831514,7379747.070162711,2167310.613295427,9987329.403245863,8861034.658870563,AUT_2015,1126294.7443752997
17,AUT,2016,6560534.431470118,2591719.8926915303,7501595.322563881,2280043.875368585,10093315.215255411,8840578.306838702,AUT_2016,1252736.908416709
18,BEL,2008,9711605.484989312,3679132.8493224615,13006667.963503983,6317372.652867842,16685800.812826443,16028978.137857154,BEL_2008,656822.6749692895
19,BEL,2009,5616255.756175881,2442847.2710538427,8573325.928115623,4451662.512375839,11016173.199169466,10067918.26855172,BEL_2009,948254.930617746
20,BEL,2010,7595288.703816716,3129006.414150775,9403429.46438717,4966094.356758713,12532435.878537944,12561383.06057543,BEL_2010,-28947.182037485763
21,BEL,2011,7688106.474961329,3358089.704206073,10388441.712121816,5678091.499870772,13746531.41632789,13366197.9748321,BEL_2011,380333.4414957892
22,BEL,2012,7159720.046294285,3142464.348062792,9801127.010264948,5484361.432854358,12943591.358327739,12644081.479148643,BEL_2012,299509.87917909585
23,BEL,2013,7033390.762084451,2911851.7153158626,9390912.409852844,5279259.585728247,12302764.125168707,12312650.347812697,BEL_2013,-9886.22264399007
24,BEL,2014,7241136.601621197,2987784.0334378565,9516486.694967182,5261350.91217404,12504270.72840504,12502487.513795238,BEL_2014,1783.2146098017693
25,BEL,2015,7069675.117760167,2942254.071125593,9215238.553210277,4974031.595354279,12157492.62433587,12043706.713114446,BEL_2015,113785.91122142412
26,BEL,2016,7300411.911210087,2971702.324912196,9784171.354118656,5346968.712058826,12755873.679030852,12647380.623268913,BEL_2016,108493.05576193891
27,BRA,2008,32704519.999999996,150495433.4461426,44265432.37529062,243800830.93892547,194760865.82143325,276505350.93892545,BRA_2008,-81744485.1174922
28,BRA,2009,25710820.0,137605970.69619894,34842591.594223246,224205449.39899388,172448562.2904222,249916269.39899388,BRA_2009,-77467707.10857168
29,BRA,2010,31959560.0,152403890.19535533,38844372.88918508,245602533.88488376,191248263.0845404,277562093.88488376,BRA_2010,-86313830.80034336
30,BRA,2011,34163400.0,171658009.5396287,43803485.25619558,303788946.52421063,215461494.7958243,337952346.52421063,BRA_2011,-122490851.72838634
31,BRA,2012,33488279.999999996,157863178.3657853,38768655.67973248,272907293.7245355,196631834.04551777,306395573.7245355,BRA_2012,-109763739.67901775
32,BRA,2013,33138109.999999996,126994003.43502805,36392520.86611207,214735605.77672875,163386524.30114013,247873715.77672875,BRA_2013,-84487191.47558862
33,BRA,2014,32880090.0,151884300.5262472,37617093.505708605,227119987.2366147,189501394.0319558,260000077.2366147,BRA_2014,-70498683.2046589
34,BRA,2015,32260259.999999996,159102621.95113465,36830285.72567558,224577070.21303827,195932907.67681023,256837330.21303827,BRA_2015,-60904422.53622803
35,BRA,2016,30692740.0,156470421.67961326,36615113.08185343,222389839.47569433,193085534.76146668,253082579.47569433,BRA_2016,-59997044.71422765
45,CAN,2008,14007421.834357768,19361057.27353249,14635528.094733097,21437923.071554616,33996585.368265584,35445344.905912384,CAN_2008,-1448759.5376468003
46,CAN,2009,8810945.34629787,16735306.716151075,11025279.392144375,19481635.250909686,27760586.108295448,28292580.597207554,CAN_2009,-531994.4889121056
47,CAN,2010,12265121.520449271,19857024.31183797,13137864.476867571,21825315.251382675,32994888.788705543,34090436.771831945,CAN_2010,-1095547.983126402
48,CAN,2011,12325917.937085802,18605935.42042853,13996215.41179301,20506058.717722517,32602150.832221538,32831976.65480832,CAN_2011,-229825.82258678228
49,CAN,2012,12864346.591825243,21326306.566125683,14029227.735189408,21589115.638960507,35355534.30131509,34453462.23078575,CAN_2012,902072.0705293417
50,CAN,2013,11942378.03337503,21823812.935956243,12876824.978245148,22109063.948255897,34700637.91420139,34051441.98163093,CAN_2013,649195.9325704649
51,CAN,2014,12219066.984738236,21495657.113535423,12986256.38431523,21704256.81364719,34481913.49785066,33923323.79838543,CAN_2014,558589.6994652301
52,CAN,2015,11766788.652731448,21967227.74924726,12637207.084245224,20852726.961234327,34604434.83349249,32619515.613965776,CAN_2015,1984919.2195267119
53,CAN,2016,11831311.607364334,23165923.89611005,12992171.024058007,20818570.746143956,36158094.92016806,32649882.35350829,CAN_2016,3508212.566659767
54,CHN,2008,486846190.540826,364388703.8636738,667544629.9352323,429955565.7725707,1031933333.7989061,916801756.3133967,CHN_2008,115131577.4855094
55,CHN,2009,555096464.4757928,383116540.4751089,723967656.5314158,434062476.62780136,1107084197.0065248,989158941.1035941,CHN_2009,117925255.90293074
56,CHN,2010,618115557.8845748,453036968.7718009,775782851.4001555,459102030.00321406,1228819820.1719565,1077217587.8877888,CHN_2010,151602232.28416777
57,CHN,2011,664453322.6424583,515488522.2757888,858579447.82792,538003462.7536006,1374067970.1037087,1202456785.396059,CHN_2011,171611184.7076497
58,CHN,2012,705173312.5286177,532306219.01807886,866721129.4739658,535471937.5978201,1399027348.4920447,1240645250.126438,CHN_2012,158382098.36560678
59,CHN,2013,792511008.002078,594559040.7902845,932574512.7823913,565683417.2792858,1527133553.5726757,1358194425.281364,CHN_2013,168939128.29131174
60,CHN,2014,797092691.9973058,583361275.6553489,964343492.9515646,549496462.9043596,1547704768.6069136,1346589154.9016652,CHN_2014,201115613.70524836
61,CHN,2015,779019447.797728,535724732.2215188,940470775.0507243,534424131.06049335,1476195507.272243,1313443578.8582213,CHN_2015,162751928.41402173
62,CHN,2016,782777749.2988063,508698273.1176594,952416149.9562957,550082813.8154428,1461114423.073955,1332860563.1142492,CHN_2016,128253859.95970583
63,CZE,2008,5621429.778926661,2761863.19018711,6478570.713380792,2068255.2296166504,9240433.903567903,7689685.008543312,CZE_2008,1550748.8950245911
64,CZE,2009,4220876.109845839,2127119.807096469,5490528.0061938595,2069962.5952135571,7617647.813290329,6290838.705059396,CZE_2009,1326809.1082309326
65,CZE,2010,4993518.175622002,2546907.5591126527,5696383.39112652,2159217.67380985,8243290.950239172,7152735.849431852,CZE_2010,1090555.1008073203
66,CZE,2011,5103841.620371585,2746567.906784984,5999252.323844625,2257272.8255840954,8745820.230629608,7361114.445955681,CZE_2011,1384705.7846739274
67,CZE,2012,4906367.08416977,2600372.932742208,5905028.393660764,2118664.011161009,8505401.326402972,7025031.0953307785,CZE_2012,1480370.231072193
68,CZE,2013,5056856.091322786,2533929.104753984,5774403.127441872,1963755.9577876606,8308332.232195856,7020612.049110447,CZE_2013,1287720.183085409
69,CZE,2014,5201430.084054766,2542540.320365688,5805959.218057991,1944543.2262140105,8348499.538423679,7145973.3102687765,CZE_2014,1202526.2281549023
70,CZE,2015,5122462.49754705,2436769.98133298,5789815.053580046,1910545.338191731,8226585.034913026,7033007.835738781,CZE_2015,1193577.199174245
71,CZE,2016,5139564.85525082,2514455.817716194,5854252.353715782,1950501.3591169987,8368708.171431975,7090066.214367818,CZE_2016,1278641.9570641574
72,DEU,2008,42237052.79365092,22177451.664140336,48923085.38299996,20543367.12747743,71100537.0471403,62780419.92112835,DEU_2008,8320117.126011953
73,DEU,2009,30307335.82762068,16830342.441773143,34961586.03539832,14843123.372129679,51791928.477171466,45150459.199750364,DEU_2009,6641469.277421102
74,DEU,2010,40198094.66493069,21134350.609325998,40897896.033665255,16805128.541684452,62032246.64299125,57003223.206615135,DEU_2010,5029023.436376117
75,DEU,2011,40703874.13144678,22058907.10935953,45114421.22274247,19259224.38136959,67173328.332102,59963098.51281637,DEU_2011,7210229.819285631
76,DEU,2012,39234124.00960691,21374237.094940394,43990998.40838926,18321274.463552948,65365235.50332966,57555398.473159865,DEU_2012,7809837.0301697925
77,DEU,2013,39156372.24802266,20742460.462411504,41951584.835372865,17282601.6812758,62694045.29778437,56438973.92929846,DEU_2013,6255071.368485913
78,DEU,2014,39559324.93678868,20791035.795848727,43039130.89420267,17181889.896302648,63830166.6900514,56741214.833091326,DEU_2014,7088951.856960073
79,DEU,2015,39204048.008474566,19706301.711506754,42146376.810328975,16091826.903677164,61852678.52183573,55295874.91215173,DEU_2015,6556803.609683998
80,DEU,2016,38646420.823715374,20011619.115431927,43229342.21316935,17168386.610495366,63240961.32860128,55814807.43421074,DEU_2016,7426153.894390538
90,ESP,2008,18080686.550094128,9807257.310540335,14567368.50592819,6258591.221036012,24374625.816468526,24339277.77113014,ESP_2008,35348.04533838481
91,ESP,2009,13924909.150693435,7621699.37491876,10554201.275505824,5041382.767691867,18175900.650424585,18966291.918385305,ESP_2009,-790391.2679607198
92,ESP,2010,15852385.937556658,9114575.687750151,11763517.060964625,5403928.97918389,20878092.748714775,21256314.916740548,ESP_2010,-378222.168025773
93,ESP,2011,15063550.110392306,8631924.778805109,12889424.009274177,5605451.479899411,21521348.788079284,20669001.590291716,ESP_2011,852347.197787568
94,ESP,2012,13277481.14755894,7816111.17445881,11276151.582681037,5063330.899642873,19092262.757139847,18340812.047201812,ESP_2012,751450.7099380344
95,ESP,2013,13867122.56482349,7915388.566642311,11197477.530857543,4780999.893190577,19112866.097499855,18648122.458014067,ESP_2013,464743.6394857876
96,ESP,2014,13862919.850299086,7975032.144056991,11343953.114850275,4755852.1927788975,19318985.258907266,18618772.043077983,ESP_2014,700213.215829283
97,ESP,2015,14418625.154789263,8091104.965315618,11295610.570094258,4569498.827368635,19386715.535409875,18988123.982157897,ESP_2015,398591.553251978
98,ESP,2016,13236227.375860097,7491590.858255811,11504150.98647847,4669588.110564274,18995741.84473428,17905815.48642437,ESP_2016,1089926.3583099097
99,FIN,2008,4280504.904255964,1688808.521978659,4689395.49669013,1339844.6082905214,6378204.018668789,5620349.512546485,FIN_2008,757854.5061223041
100,FIN,2009,2963988.699692063,1245004.5643376813,3378331.13848246,970059.3532372412,4623335.702820141,3934048.052929304,FIN_2009,689287.6498908368
101,FIN,2010,3906514.3047308326,1433266.9424614396,3876562.8895889977,1060351.9395007181,5309829.832050437,4966866.244231551,FIN_2010,342963.58781888615
102,FIN,2011,3868945.9948817273,1420362.5016508012,4129281.14940925,1142680.33528373,5549643.651060051,5011626.330165457,FIN_2011,538017.3208945943
103,FIN,2012,3643866.338854302,1444850.775218148,3770886.471966268,1098424.277879244,5215737.247184416,4742290.616733546,FIN_2012,473446.6304508699
104,FIN,2013,3413702.223066532,1427061.3460979508,3600657.8373858267,1038686.2288250014,5027719.183483778,4452388.451891533,FIN_2013,575330.7315922445
105,FIN,2014,3691510.655105087,1554001.4448008034,3699484.4873399576,1019152.0112241226,5253485.932140761,4710662.66632921,FIN_2014,542823.2658115514
106,FIN,2015,3863868.95747896,1600362.5346333638,3759867.243856017,995099.0970737959,5360229.778489381,4858968.054552756,FIN_2015,501261.7239366248
107,FIN,2016,3974432.271956846,1622079.431600549,3917288.308639145,1035323.8282667192,5539367.740239694,5009756.1002235655,FIN_2016,529611.6400161283
108,FRA,2008,17831549.63938698,10726939.355271729,18077994.12137643,9025577.156710126,28804933.47664816,26857126.796097107,FRA_2008,1947806.680551052
109,FRA,2009,12540818.955943575,8070392.68617749,13674561.73529451,6595342.893791131,21744954.421471998,19136161.849734705,FRA_2009,2608792.571737293
110,FRA,2010,15547425.03134164,10079907.96370544,14891264.618135987,7415703.488016917,24971172.581841424,22963128.519358557,FRA_2010,2008044.0624828674
111,FRA,2011,15833389.15657106,10664257.825772688,16357293.245304761,8618351.265366731,27021551.07107745,24451740.421937793,FRA_2011,2569810.6491396576
112,FRA,2012,15377073.426714784,10343388.01021545,15971307.207464807,8125826.625108596,26314695.217680257,23502900.051823378,FRA_2012,2811795.165856879
113,FRA,2013,15373968.374687366,9937629.288573751,14993930.653122324,7595657.757203407,24931559.941696078,22969626.131890774,FRA_2013,1961933.8098053038
114,FRA,2014,15761655.95919815,9994110.88613232,15804791.647428269,7582229.176112514,25798902.53356059,23343885.135310665,FRA_2014,2455017.398249924
115,FRA,2015,14938248.45147498,9574206.361762673,15358542.26405906,7066568.1736628255,24932748.625821732,22004816.625137806,FRA_2015,2927932.000683926
116,FRA,2016,14614941.032577155,9782942.695486948,15402500.712082973,7473580.218229955,25185443.407569923,22088521.25080711,FRA_2016,3096922.1567628123
117,GBR,2008,13115127.499999996,8780682.646523008,15049601.682150733,8595883.541570026,23830284.328673743,21711011.041570023,GBR_2008,2119273.28710372
118,GBR,2009,9776630.0,6768516.850731651,11225434.616183667,6077383.233938214,17993951.466915317,15854013.233938213,GBR_2009,2139938.2329771034
119,GBR,2010,9417730.0,7796883.21385901,11609779.838692067,6917437.249843019,19406663.052551076,16335167.24984302,GBR_2010,3071495.802708056
120,GBR,2011,9193659.999999998,8911742.0718384,10461713.649220148,8471187.663009834,19373455.721058547,17664847.66300983,GBR_2011,1708608.0580487177
121,GBR,2012,9291678.499999998,8571477.868917445,10097623.620593306,7988710.773150906,18669101.489510752,17280389.273150906,GBR_2012,1388712.2163598463
122,GBR,2013,11502260.0,8602614.384181328,11841119.86301361,7851467.475831014,20443734.24719494,19353727.475831013,GBR_2013,1090006.7713639252
123,GBR,2014,11672252.5,8658330.322697874,12411691.067285642,7926529.8241923675,21070021.389983516,19598782.324192367,GBR_2014,1471239.0657911487
124,GBR,2015,10579790.0,8146792.116311999,12090777.55968701,7411459.864494554,20237569.675999008,17991249.864494555,GBR_2015,2246319.8115044534
125,GBR,2016,7405949.999999999,8179853.572633509,10195545.484131195,7877832.77920786,18375399.056764703,15283782.77920786,GBR_2016,3091616.277556844
144,GRC,2008,2792470.859996685,1723789.8433167145,1674857.604830581,1101102.3886306295,3398647.4481472955,3893573.2486273143,GRC_2008,-494925.80048001884
145,GRC,2009,2336311.2517887764,1479469.2899466346,1397562.445276205,912375.9635558726,2877031.7352228398,3248687.215344649,GRC_2009,-371655.48012180906
146,GRC,2010,2339274.313561061,1749296.9743518892,1551339.1828878997,1227132.8945217333,3300636.157239789,3566407.208082794,GRC_2010,-265771.05084300507
147,GRC,2011,2554388.893676608,1908234.1556060656,1734050.5100800546,1127280.4425865994,3642284.6656861203,3681669.3362632073,GRC_2011,-39384.670577086974
148,GRC,2012,2084520.0756947931,1812166.193989888,1372775.1137530562,958107.8756546748,3184941.307742944,3042627.951349468,GRC_2012,142313.35639347602
149,GRC,2013,1886641.1340949624,1470688.6100246515,1244502.5464123946,828779.4876957028,2715191.156437046,2715420.621790665,GRC_2013,-229.46535361930728
150,GRC,2014,1860483.6377740689,1451484.1995227127,1208889.6658677582,802824.467626686,2660373.865390471,2663308.105400755,GRC_2014,-2934.2400102838874
151,GRC,2015,1696445.0399383104,1383947.2324196887,1131473.5102452142,767059.166265443,2515420.742664903,2463504.206203753,GRC_2015,51916.53646114981
152,GRC,2016,1913420.3031215908,1426200.4258553362,1260457.7943557084,815619.4437050181,2686658.220211045,2729039.7468266087,GRC_2016,-42381.52661556378
162,IDN,2008,3978936.351625018,3558542.53283186,5433838.516069402,5718882.966445571,8992381.048901262,9697819.318070589,IDN_2008,-705438.2691693269
163,IDN,2009,3528577.752240603,3183523.53943427,4572706.827424838,4955094.111568671,7756230.366859108,8483671.863809273,IDN_2009,-727441.4969501644
164,IDN,2010,3700850.6902941465,4924425.03011102,4999646.953973284,6548371.438276345,9924071.984084304,10249222.128570491,IDN_2010,-325150.144486187
165,IDN,2011,3681904.073283343,6090882.136229589,5829192.148727134,8841891.423985695,11920074.284956723,12523795.497269038,IDN_2011,-603721.2123123147
166,IDN,2012,2442253.8778425045,6274749.796315383,4984878.961543312,8559696.508857004,11259628.757858695,11001950.386699509,IDN_2012,257678.3711591866
167,IDN,2013,2751061.336848588,10397850.55400984,4840477.282834499,12818538.589077469,15238327.83684434,15569599.925926058,IDN_2013,-331272.08908171766
168,IDN,2014,4285472.7388622165,4686036.644174052,4713059.885047995,3959122.1647363845,9399096.529222047,8244594.903598601,IDN_2014,1154501.625623446
169,IDN,2015,4687675.619769026,3409811.9829716925,4553149.209196331,3479636.7806267524,7962961.192168023,8167312.400395778,IDN_2015,-204351.20822775457
170,IDN,2016,4518431.762561219,3606218.6943204,4676869.88972017,3629813.4684281973,8283088.584040569,8148245.230989416,IDN_2016,134843.353051153
180,IND,2008,55988623.66809863,99764280.52073142,88181977.59744416,140239635.72142342,187946258.11817557,196228259.38952205,IND_2008,-8282001.27134648
181,IND,2009,61546635.817632586,99375133.41195282,91706599.80538145,143276198.62066343,191081733.21733427,204822834.43829602,IND_2009,-13741101.22096175
182,IND,2010,66494422.35977214,95893074.44959112,96181525.02386184,142912079.1439802,192074599.47345296,209406501.50375235,IND_2010,-17331902.030299395
183,IND,2011,71196605.37945893,78854125.52399468,103249229.2485396,124922537.00734939,182103354.77253428,196119142.38680834,IND_2011,-14015787.614274055
184,IND,2012,75066411.65826388,70680517.77494243,103183331.29471828,118372074.91590264,173863849.06966072,193438486.57416654,IND_2012,-19574637.504505813
185,IND,2013,78810922.9936634,76389210.31763157,105807327.03729537,118460792.44918396,182196537.35492694,197271715.44284737,IND_2013,-15075178.087920427
186,IND,2014,84650910.16550833,66286846.67967632,106048738.10795216,108448404.14112034,172335584.78762847,193099314.30662867,IND_2014,-20763729.519000202
187,IND,2015,86329597.6857063,76225384.38433704,108014716.04510063,110261125.30385208,184240100.42943767,196590722.9895584,IND_2015,-12350622.560120732
188,IND,2016,92579008.70916252,89720568.91693178,115348760.67608136,113534034.2845652,205069329.59301314,206113042.9937277,IND_2016,-1043713.4007145762
189,ITA,2008,29631874.266300976,17913727.081337236,26031430.650393475,12578957.63105755,43945157.731730714,42210831.89735852,ITA_2008,1734325.8343721926
190,ITA,2009,19283312.47737486,12383327.936495066,16840301.412529305,9246972.20389654,29223629.34902437,28530284.681271397,ITA_2009,693344.6677529737
191,ITA,2010,25020638.306756023,15110049.735781558,19821894.444502383,10295464.967587532,34931944.18028394,35316103.27434356,ITA_2010,-384159.0940596163
192,ITA,2011,27871493.176830582,16130828.899472691,24064364.817053076,11962636.704645513,40195193.71652576,39834129.8814761,ITA_2011,361063.83504966646
193,ITA,2012,26465775.55861502,15079695.857293326,23438475.92824567,11496960.002146924,38518171.785539,37962735.56076194,ITA_2012,555436.2247770578
194,ITA,2013,23515373.84835695,14588365.228660822,20337686.510831717,10568207.106840465,34926051.739492536,34083580.955197416,ITA_2013,842470.7842951193
195,ITA,2014,23151338.766065378,14648783.859891497,19679970.44366995,10377064.198200168,34328754.30356145,33528402.964265548,ITA_2014,800351.3392959014
196,ITA,2015,21473997.54419962,14372080.76300599,17632688.128824316,9769312.39540263,32004768.891830307,31243309.93960225,ITA_2015,761458.9522280581
197,ITA,2016,22739741.81001623,14348879.213862434,18652111.99627736,10349701.931547353,33000991.210139792,33089443.74156358,ITA_2016,-88452.53142378852
198,JPN,2008,115176830.0,43327971.39289105,132570726.85478182,48272472.926155284,175898698.24767286,163449302.92615527,JPN_2008,12449395.321517587
199,JPN,2009,84907980.0,31366935.97234758,99874150.25164208,34719618.37749696,131241086.22398967,119627598.37749696,JPN_2009,11613487.846492708
200,JPN,2010,106311030.0,38916789.42411279,111052212.84894015,39555527.730831124,149969002.27305293,145866557.73083112,JPN_2010,4102444.5422218144
201,JPN,2011,104372970.0,40011748.420776665,118378968.90775256,45072316.103126265,158390717.32852924,149445286.10312626,JPN_2011,8945431.225402981
202,JPN,2012,104015040.0,38239704.428227246,118832613.03534734,43278860.29526,157072317.4635746,147293900.29526,JPN_2012,9778417.168314576
203,JPN,2013,107277150.0,38220685.84518684,118005753.05850422,42073279.62073393,156226438.90369105,149350429.62073392,JPN_2013,6876009.282957137
204,JPN,2014,107346020.0,38337663.52643299,121381618.45865121,42475099.294364154,159719281.9850842,149821119.29436415,JPN_2014,9898162.690720052
205,JPN,2015,101979980.0,35460080.89148722,116814479.79451858,39861252.04630804,152274560.6860058,141841232.04630804,JPN_2015,10433328.63969776
206,JPN,2016,101631750.0,36090651.700359605,117838345.94551413,42117419.52196609,153928997.64587373,143749169.5219661,JPN_2016,10179828.123907626
207,KOR,2008,51028206.343014,14110811.234721588,55705810.561629415,20283525.312319394,69816621.796351,71311731.6553334,KOR_2008,-1495109.858982399
208,KOR,2009,46408043.31763792,12906907.947301244,47163932.5414906,16421492.466550468,60070840.488791846,62829535.78418839,KOR_2009,-2758695.295396544
209,KOR,2010,56259767.461823046,15562361.163671205,53563695.52065889,18170055.99620059,69126056.68433009,74429823.45802364,KOR_2010,-5303766.773693547
210,KOR,2011,65409382.32517963,17171151.853464793,64965044.292790785,21287089.346969098,82136196.14625558,86696471.67214873,KOR_2011,-4560275.525893152
211,KOR,2012,65934789.05871144,18066187.40908284,64702853.33174885,20589346.603678137,82769040.74083169,86524135.66238958,KOR_2012,-3755094.9215578884
212,KOR,2013,63062398.6944396,19052310.80101837,63971103.41009788,19771485.83333163,83023414.21111625,82833884.52777123,KOR_2013,189529.68334501982
213,KOR,2014,68283501.71091625,19092406.534031156,69089777.04572254,19780408.499263667,88182183.5797537,88063910.21017992,KOR_2014,118273.36957377195
214,KOR,2015,66500267.839935735,17511229.67035649,66874786.80003819,18161253.04744159,84386016.47039467,84661520.88737732,KOR_2015,-275504.41698265076
215,KOR,2016,65458142.917471685,15871498.238351667,68401105.28248218,18872778.421295345,84272603.52083385,84330921.33876702,KOR_2016,-58317.81793317199
216,MEX,2008,16692730.0,12341042.051726537,19162654.233236168,16975027.727101233,31503696.284962706,33667757.72710124,MEX_2008,-2164061.4421385303
217,MEX,2009,13707947.85,10880548.85750126,17258195.682290908,17044360.23326129,28138744.539792165,30752308.08326129,MEX_2009,-2613563.5434691235
218,MEX,2010,16363742.374999998,13134904.741722647,19428526.316650607,19176077.50849278,32563431.058373254,35539819.883492775,MEX_2010,-2976388.8251195215
219,MEX,2011,17566753.835,11941965.89150996,22204301.566017818,19534476.24080001,34146267.45752778,37101230.07580001,MEX_2011,-2954962.61827223
220,MEX,2012,17530835.22,13160619.566685256,23006871.198513113,20867725.732425634,36167490.765198365,38398560.95242563,MEX_2012,-2231070.187227264
221,MEX,2013,17694740.0,16785354.50093192,24541265.166735746,26368953.860275384,41326619.667667665,44063693.86027539,MEX_2013,-2737074.192607723
222,MEX,2014,18362100.0,15195431.200141434,24104985.639208965,24873515.204956032,39300416.8393504,43235615.20495603,MEX_2014,-3935198.36560563
223,MEX,2015,17676310.0,13306006.62916928,23692449.193080466,24352586.70527628,36998455.82224975,42028896.70527628,MEX_2015,-5030440.883026533
224,MEX,2016,18245700.0,12851709.13137639,24307867.764115714,24813303.248271976,37159576.89549211,43059003.24827197,MEX_2016,-5899426.352779865
234,NLD,2008,9247464.687297152,3063591.277029251,9371745.228814727,3718089.7331391806,12435336.505843978,12965554.420436334,NLD_2008,-530217.9145923555
235,NLD,2009,6609807.627481185,2295389.74166584,6467935.4826104455,2734029.660828599,8763325.224276286,9343837.288309783,NLD_2009,-580512.0640334971
236,NLD,2010,8689955.158453962,2936534.949090259,7158095.662228641,3076497.8641249435,10094630.611318901,11766453.022578906,NLD_2010,-1671822.411260005
237,NLD,2011,8926453.671311751,3137622.9857877726,7821252.15247739,3635111.761385965,10958875.138265163,12561565.432697717,NLD_2011,-1602690.2944325544
238,NLD,2012,8691724.07666594,3025452.2769076237,7699552.039766967,3449074.6271329746,10725004.31667459,12140798.703798914,NLD_2012,-1415794.3871243242
239,NLD,2013,8559013.323977482,2944829.1259285645,7326544.064487652,3299693.64644193,10271373.190416217,11858706.97041941,NLD_2013,-1587333.7800031938
240,NLD,2014,8774566.085706202,2997305.358814441,7533138.649496085,3301465.493294671,10530444.008310527,12076031.579000873,NLD_2014,-1545587.5706903469
241,NLD,2015,8768317.134143151,2863661.520246539,7479139.656018255,3101145.5625782283,10342801.176264795,11869462.696721379,NLD_2015,-1526661.5204565842
242,NLD,2016,8711913.15197922,2891318.0103034284,7596738.511536146,3305535.2513491656,10488056.521839574,12017448.403328385,NLD_2016,-1529391.8814888112
243,POL,2008,9869280.49585409,6147967.854513202,9138286.7503507,5215657.927756574,15286254.604863903,15084938.423610665,POL_2008,201316.18125323765
244,POL,2009,7258159.181551699,4631740.66902496,6492966.475801944,3800820.0090306643,11124707.144826904,11058979.190582363,POL_2009,65727.954244541
245,POL,2010,8263126.394509485,5514949.251506101,7037481.7005504565,4242728.87894013,12552430.952056557,12505855.273449615,POL_2010,46575.678606942296
246,POL,2011,8914709.545392927,5944285.243238524,7657464.010596684,4979432.881382131,13601749.253835209,13894142.426775057,POL_2011,-292393.17293984815
247,POL,2012,8507763.801879857,5646506.73184541,7429392.013255033,4692945.288358979,13075898.745100442,13200709.090238836,POL_2012,-124810.34513839334
248,POL,2013,8391249.606639588,5370734.357606528,7047744.491571381,4310846.019308148,12418478.849177908,12702095.625947736,POL_2013,-283616.77676982805
249,POL,2014,8937352.5470508,5407136.1733934665,7544377.757843237,4271253.976222689,12951513.931236703,13208606.52327349,POL_2014,-257092.59203678742
250,POL,2015,9355952.44521169,5405857.980955218,7590401.535224845,4065613.784928626,12996259.516180063,13421566.230140315,POL_2015,-425306.7139602527
251,POL,2016,9098518.98891691,5450226.186136437,7834713.58905377,4370774.25343063,13284939.775190206,13469293.242347538,POL_2016,-184353.46715733223
261,RUS,2008,66484099.91722516,70004473.8692642,74576452.70219047,76252912.38341674,144580926.57145467,142737012.3006419,RUS_2008,1843914.2708127797
262,RUS,2009,57972315.60713028,58028443.60913222,65598440.76351972,62540534.22019321,123626884.37265193,120512849.8273235,RUS_2009,3114034.5453284383
263,RUS,2010,64707647.39780361,65545839.02234963,71370119.29929203,68837758.76294479,136915958.32164165,133545406.16074839,RUS_2010,3370552.1608932614
264,RUS,2011,66058386.4747328,69242324.3176736,74488983.2061233,76928803.2685604,143731307.52379692,142987189.7432932,RUS_2011,744117.78050372
265,RUS,2012,67993812.92931822,70371435.81618157,75313802.65635893,77432818.20696327,145685238.4725405,145426631.1362815,RUS_2012,258607.33625900745
266,RUS,2013,66577053.59242812,67911975.56334698,74540646.86518602,76056344.45334657,142452622.42853302,142633398.0457747,RUS_2013,-180775.61724168062
267,RUS,2014,68103242.78161563,65044584.53035618,75187919.18861201,76159081.0059429,140232503.7189682,144262323.78755853,RUS_2014,-4029820.068590313
268,RUS,2015,67119343.45106487,61874253.14411368,75081340.72829907,74362915.73169017,136955593.87241274,141482259.18275505,RUS_2015,-4526665.310342312
269,RUS,2016,67040105.37705235,67099875.64840559,76831251.39212148,77088711.70745514,143931127.04052708,144128817.0845075,RUS_2016,-197690.04398041964
270,RoW Africa,2008,10724125.030000001,30588554.835077863,19387683.93680883,29078949.180689912,49976238.77188669,39803074.21068992,RoW Africa_2008,10173164.561196774
271,RoW Africa,2009,9669930.0,30770475.289674133,17887406.05221428,23530642.919336617,48657881.34188841,33200572.919336617,RoW Africa_2009,15457308.422551796
272,RoW Africa,2010,9775708.500000002,32744487.76990255,18593229.176864672,24366710.97597117,51337716.946767226,34142419.47597117,RoW Africa_2010,17195297.470796056
273,RoW Africa,2011,9045347.0,32043653.330248952,18972361.705233987,23730285.993306745,51016015.03548294,32775632.993306745,RoW Africa_2011,18240382.0421762
274,RoW Africa,2012,9358495.333333334,39626757.07060301,18788295.771086838,23700238.411738347,58415052.841689855,33058733.74507168,RoW Africa_2012,25356319.096618176
275,RoW Africa,2013,9775627.666666668,45726381.87498248,18325701.907757677,24015406.66134212,64052083.78274016,33791034.328008786,RoW Africa_2013,30261049.454731375
276,RoW Africa,2014,9089490.73,48051420.2830946,18484591.993203614,23542078.825002998,66536012.27629821,32631569.555003,RoW Africa_2014,33904442.72129521
277,RoW Africa,2015,8810483.486666666,40873407.82858179,18291384.89045687,23141010.515604325,59164792.71903866,31951494.00227099,RoW Africa_2015,27213298.71676767
278,RoW Africa,2016,9412833.116666667,38733355.360689536,18652700.673091553,23532242.21621258,57386056.03378109,32945075.33287925,RoW Africa_2016,24440980.70090184
279,RoW America,2008,14327587.406666666,22509963.53604444,22486526.266218774,22444501.740414623,44996489.802263215,36772089.147081286,RoW America_2008,8224400.6551819295
280,RoW America,2009,11931364.719999999,17646622.065097596,22624905.051600073,19362922.19021294,40271527.11669767,31294286.910212938,RoW America_2009,8977240.206484731
281,RoW America,2010,11815104.399999999,19649329.10273257,24054194.504292957,19777315.405438166,43703523.60702553,31592419.805438165,RoW America_2010,12111103.801587362
282,RoW America,2011,13871912.77,22425865.56350842,29019809.775505245,17910082.152573526,51445675.339013666,31781994.922573525,RoW America_2011,19663680.41644014
283,RoW America,2012,12825194.014999999,24059955.191031713,28129858.27548781,18052135.11028389,52189813.46651952,30877329.12528389,RoW America_2012,21312484.34123563
284,RoW America,2013,12708849.79,21724694.42559354,25260311.609428212,18413700.933561616,46985006.03502175,31122550.723561615,RoW America_2013,15862455.311460137
285,RoW America,2014,12089803.549999997,21613595.424590576,26747546.20400247,17586766.349513993,48361141.62859304,29676569.89951399,RoW America_2014,18684571.729079053
286,RoW America,2015,11367886.385,20700978.286383495,26684403.632457163,17140362.705061182,47385381.91884066,28508249.09006118,RoW America_2015,18877132.82877948
287,RoW America,2016,9407060.0,19245775.824713398,27082453.212436743,17263943.46856309,46328229.037150145,26671003.46856309,RoW America_2016,19657225.568587054
288,RoW Asia and Pacific,2008,48181602.6105553,47588154.4229657,38974638.98316558,37145409.05961283,86562793.40613127,85327011.67016813,RoW Asia and Pacific_2008,1235781.735963136
289,RoW Asia and Pacific,2009,44708950.31007895,44441431.650565006,33691970.628725156,33921679.3937343,78133402.27929017,78630629.70381325,RoW Asia and Pacific_2009,-497227.42452308536
290,RoW Asia and Pacific,2010,51225566.79293038,52475779.992571495,36237880.90111881,35023123.46931867,88713660.8936903,86248690.26224905,RoW Asia and Pacific_2010,2464970.6314412504
291,RoW Asia and Pacific,2011,57580356.56393253,57170428.852795,39709347.86202921,34418534.1009272,96879776.7148242,91998890.66485973,RoW Asia and Pacific_2011,4880886.049964473
292,RoW Asia and Pacific,2012,59353839.7272728,60324161.18921284,38863729.0213186,34168394.865547866,99187890.21053144,93522234.59282067,RoW Asia and Pacific_2012,5665655.617710769
293,RoW Asia and Pacific,2013,57178761.83332178,54248850.95750457,37417087.75229696,34589206.07174125,91665938.70980152,91767967.90506303,RoW Asia and Pacific_2013,-102029.19526150823
294,RoW Asia and Pacific,2014,60732681.38688808,54516789.93506722,38063382.485109255,34179141.68622211,92580172.42017648,94911823.0731102,RoW Asia and Pacific_2014,-2331650.652933717
295,RoW Asia and Pacific,2015,58337397.36083201,45385103.256440565,37225333.56598369,33750706.26588288,82610436.82242426,92088103.62671489,RoW Asia and Pacific_2015,-9477666.804290622
296,RoW Asia and Pacific,2016,62149382.05797018,45758744.691923365,38774792.039646454,34165601.959571205,84533536.73156983,96314984.01754138,RoW Asia and Pacific_2016,-11781447.285971552
297,RoW EU27,2008,14243293.28369468,8724678.558649156,9911383.389786446,8679998.719574023,18636061.948435605,22923292.003268704,RoW EU27_2008,-4287230.054833099
298,RoW EU27,2009,9858509.787203439,6491339.848460524,9400309.991216637,6396615.286722851,15891649.839677162,16255125.073926289,RoW EU27_2009,-363475.23424912617
299,RoW EU27,2010,11753488.311429035,7707952.717508266,9899261.618730351,7174031.749888014,17607214.336238615,18927520.06131705,RoW EU27_2010,-1320305.7250784338
300,RoW EU27,2011,12339328.441974757,8374244.29285738,10686561.913604073,8281591.895808345,19060806.206461452,20620920.337783102,RoW EU27_2011,-1560114.13132165
301,RoW EU27,2012,11612353.208894394,7999021.00797386,10469891.210256709,7879316.730732825,18468912.218230568,19491669.93962722,RoW EU27_2012,-1022757.7213966511
302,RoW EU27,2013,10312370.087500291,7512083.323288849,10030167.932500433,7549693.112842195,17542251.25578928,17862063.200342484,RoW EU27_2013,-319811.9445532039
303,RoW EU27,2014,10818224.276491094,7829267.225171995,10253480.466264978,7568890.45376856,18082747.691436972,18387114.730259653,RoW EU27_2014,-304367.0388226807
304,RoW EU27,2015,11127625.670666194,7549289.580681687,10110110.317694856,7144476.829366247,17659399.898376543,18272102.50003244,RoW EU27_2015,-612702.6016558968
305,RoW EU27,2016,10542956.443885798,7762060.632312061,10437781.088505825,7660630.434232413,18199841.720817886,18203586.87811821,RoW EU27_2016,-3745.157300323248
306,RoW Europe,2008,43604062.50226773,52967199.343907624,40967828.513468504,41860777.74362586,93935027.85737613,85464840.2458936,RoW Europe_2008,8470187.61148253
307,RoW Europe,2009,34701811.824493006,44237429.37281565,39019211.752187945,37844408.92752545,83256641.1250036,72546220.75201845,RoW Europe_2009,10710420.372985154
308,RoW Europe,2010,38715635.326120146,50636619.18376908,40466737.02961743,38356098.776604705,91103356.2133865,77071734.10272485,RoW Europe_2010,14031622.110661656
309,RoW Europe,2011,41237785.54168432,51811215.217353374,41351998.7861241,35730498.01007038,93163214.00347748,76968283.55175471,RoW Europe_2011,16194930.45172277
310,RoW Europe,2012,37968469.60999269,47411915.56311123,41242285.24304049,35922519.34370753,88654200.80615172,73890988.95370021,RoW Europe_2012,14763211.852451503
311,RoW Europe,2013,37904021.339465186,51564607.946258046,40166900.47126757,36557388.81116694,91731508.41752562,74461410.15063213,RoW Europe_2013,17270098.26689349
312,RoW Europe,2014,32996141.96401212,47925181.24125641,40511640.685493216,35899722.825035684,88436821.92674962,68895864.78904781,RoW Europe_2014,19540957.13770181
313,RoW Europe,2015,28661586.99170267,43958888.79204193,40242991.869065456,35486207.48708703,84201880.66110739,64147794.4787897,RoW Europe_2015,20054086.18231769
314,RoW Europe,2016,29267788.670654174,42797141.35813848,40869515.866705894,35993597.54331473,83666657.22484437,65261386.2139689,RoW Europe_2016,18405271.010875463
315,RoW Middle East,2008,24210333.47948799,19378601.545926727,36647835.39516763,30801132.866871733,56026436.941094354,55011466.34635972,RoW Middle East_2008,1014970.5947346315
316,RoW Middle East,2009,24403678.055235032,18568050.392521866,34486427.82066023,26394302.62346494,53054478.2131821,50797980.67869997,RoW Middle East_2009,2256497.534482129
317,RoW Middle East,2010,27839497.336575594,21445696.477254827,36592090.97250153,27443636.534667354,58037787.449756354,55283133.87124295,RoW Middle East_2010,2754653.578513406
318,RoW Middle East,2011,31332632.29108006,23235934.276660252,43142797.05179248,27264110.415738724,66378731.328452736,58596742.70681879,RoW Middle East_2011,7781988.621633947
319,RoW Middle East,2012,33482608.76843391,24707787.69894991,41830283.21026787,26967442.617833026,66538070.90921778,60450051.38626693,RoW Middle East_2012,6088019.52295085
320,RoW Middle East,2013,36342525.617943905,28445198.07991847,38666651.55800476,26816429.83679251,67111849.63792323,63158955.45473641,RoW Middle East_2013,3952894.183186814
321,RoW Middle East,2014,38712584.38408215,29997081.4396918,40334813.63927511,26455446.44143526,70331895.07896692,65168030.825517416,RoW Middle East_2014,5163864.2534495
322,RoW Middle East,2015,37017974.72546787,34332573.98314846,40038430.31235099,25711853.77087464,74371004.29549944,62729828.49634251,RoW Middle East_2015,11641175.799156934
323,RoW Middle East,2016,38641177.01021746,37503883.57518203,40923888.6084125,26844022.912569873,78427772.18359452,65485199.92278733,RoW Middle East_2016,12942572.260807194
339,SVK,2008,4348803.579219499,1741808.9506440577,4682236.116140663,1443560.1245004444,6424045.066784721,5792363.703719943,SVK_2008,631681.363064778
340,SVK,2009,3331039.3586749947,1302092.8555111452,4309784.648391015,1293167.3558840915,5611877.50390216,4624206.714559086,SVK_2009,987670.789343074
341,SVK,2010,3923893.087405948,1581556.7984317115,4661379.6919957595,1353879.6781816757,6242936.490427471,5277772.765587624,SVK_2010,965163.7248398466
342,SVK,2011,3969887.8997142017,1634041.9572616245,4766036.393143107,1413063.1403312208,6400078.350404732,5382951.0400454225,SVK_2011,1017127.3103593094
343,SVK,2012,3850659.97525372,1539086.509701279,4770960.304571023,1364849.2768725508,6310046.814272302,5215509.252126271,SVK_2012,1094537.5621460313
344,SVK,2013,3773272.824166263,1502152.234849541,4711609.357954423,1291006.2916671145,6213761.592803964,5064279.115833377,SVK_2013,1149482.476970587
345,SVK,2014,3987365.419036764,1507986.2681398054,4830164.0366348345,1297275.8857627946,6338150.30477464,5284641.304799559,SVK_2014,1053508.9999750815
346,SVK,2015,4037127.778008924,1456928.9161955984,4800278.871575945,1270017.978223086,6257207.7877715435,5307145.75623201,SVK_2015,950062.0315395333
347,SVK,2016,4052199.802079538,1478481.2981969237,4918777.121144945,1294165.0984481245,6397258.419341869,5346364.900527663,SVK_2016,1050893.5188142061
348,SWE,2008,5042724.614339443,13076338.011556672,6266807.800264855,20175983.42594617,19343145.811821528,25218708.04028561,SWE_2008,-5875562.228464082
349,SWE,2009,2740045.4823657563,9098629.216904417,3848049.9390950506,13962951.26020448,12946679.155999467,16702996.742570236,SWE_2009,-3756317.5865707695
350,SWE,2010,4700224.782537894,12473762.30809151,5063378.156437516,16861236.794948526,17537140.464529026,21561461.57748642,SWE_2010,-4024321.112957392
351,SWE,2011,4722720.779472521,13643122.813733146,5610643.176792376,22475612.528341115,19253765.99052552,27198333.307813637,SWE_2011,-7944567.317288116
352,SWE,2012,4206146.405392718,14472111.474251453,5176212.01472781,22623360.417183258,19648323.488979265,26829506.822575975,SWE_2012,-7181183.33359671
353,SWE,2013,4273851.250589412,15970758.17134148,5206001.067287868,25283612.556424778,21176759.23862935,29557463.80701419,SWE_2013,-8380704.568384841
354,SWE,2014,4406667.469591243,14512236.647848906,5179327.028293742,24092479.443911865,19691563.676142648,28499146.91350311,SWE_2014,-8807583.237360463
355,SWE,2015,4426145.514788754,12483099.67424878,5092139.504107407,24001811.952405766,17575239.178356186,28427957.46719452,SWE_2015,-10852718.288838334
356,SWE,2016,4676765.272865936,13315267.316844614,5200815.214049973,24085269.660907883,18516082.530894585,28762034.93377382,SWE_2016,-10245952.402879234
357,TWN,2008,19285540.0,4399811.447743971,17756754.23376094,5189543.858158277,22156565.681504913,24475083.858158275,TWN_2008,-2318518.176653363
358,TWN,2009,15368195.0,3195872.910763476,15150122.69174122,4997767.14716795,18345995.602504697,20365962.14716795,TWN_2009,-2019966.5446632542
359,TWN,2010,19522705.0,4355280.98365463,16757484.667032909,5401579.222863802,21112765.650687538,24924284.2228638,TWN_2010,-3811518.5721762627
360,TWN,2011,20918696.666666664,4522003.230515814,22101407.89885584,6292323.149959479,26623411.129371654,27211019.816626143,TWN_2011,-587608.6872544885
361,TWN,2012,20247295.0,4518682.913447083,22130414.96692537,6129325.457835204,26649097.880372453,26376620.457835205,TWN_2012,272477.4225372486
362,TWN,2013,21613540.0,5106723.826173926,22267286.1928409,5971048.660745663,27374010.019014828,27584588.66074566,TWN_2013,-210578.6417308338
363,TWN,2014,22475870.0,5562362.830890624,23737532.176918946,5979292.0380122615,29299895.007809572,28455162.038012262,TWN_2014,844732.9697973095
364,TWN,2015,20750240.0,5427172.800600915,22809880.59255026,5541108.868255955,28237053.393151175,26291348.868255954,TWN_2015,1945704.524895221
365,TWN,2016,21098470.0,5569365.198173598,23208072.557003703,5569522.779363768,28777437.7551773,26667992.779363766,TWN_2016,2109444.975813534
366,USA,2008,89532803.16564223,93093117.9092168,70219356.43933092,61068316.88193051,163312474.34854773,150601120.04757273,USA_2008,12711354.300974995
367,USA,2009,57809624.65370212,61721447.52667226,49191904.85104853,47435374.44259235,110913352.37772079,105244999.09629446,USA_2009,5668353.281426325
368,USA,2010,78433758.47955072,81214992.42180666,57509072.90780135,56303377.24859895,138724065.32960802,134737135.72814965,USA_2010,3986929.6014583707
369,USA,2011,83985382.0629142,91940452.64335288,71140594.34287998,72030165.56918147,163081046.98623288,156015547.63209566,USA_2011,7065499.354137212
370,USA,2012,86271593.40817474,90937214.12335353,71690843.29102059,70514350.96928431,162628057.4143741,156785944.37745905,USA_2012,5842113.036915064
371,USA,2013,84373771.96662496,88644169.90657638,69624563.81342003,69407863.85120706,158268733.7199964,153781635.81783202,USA_2013,4487097.90216437
372,USA,2014,85657813.01526175,90227234.51169495,70455564.07902685,69886320.6620842,160682798.5907218,155544133.67734596,USA_2014,5138664.913375825
373,USA,2015,76811671.34726854,81848497.59734489,65079087.20652442,64944154.20937657,146927584.8038693,141755825.5566451,USA_2015,5171759.247224212
374,USA,2016,76556058.39263566,82755528.70322406,65160753.40848586,67089621.30351668,147916282.11170992,143645679.69615233,USA_2016,4270602.415557593
